id,area,jurisdiction,jurisdictionDesc,neighbourhoodCode,neighbourhoodDesc,OA000_OID,rollNum,rollNumFormatted,AB000_OID,landSize,freeformAddress,unitNumber,streetNumber,streetName,streetType,preDirectional,postDirectional,cityCode,cityDesc,postalCode,province,propertyAddress,PRED_MANUAL_CLASS,PRED_MANUAL_CLASS_DESC,MANUAL_CLASS,MANUAL_CLASS_DESC,PRIMARY_ACTUAL_USE,PRIMARY_ACTUAL_USE_DESC,DESCRIPTION,COMMENTS,yearBuilt,bedrooms,baths,carports,garages,totalAssessed,strataTotalArea,firstFloorArea,secondFloorArea,basementFinishArea,basementFinishAreaComm,basementFinishAreaIncm,MH_WIDTH,MH_LENGTH,MH_TOTAL_AREA,rateCodeSummary,farmFlag,schoolDistrictCode,storiesBuilding,grossLeasableArea,netLeasableArea,numUnitApt,AFP_OID,RES_ADDITIONAL_BUILDINGS,COM_ADDITIONAL_BUILDINGS,SALE_COUNT,JURROL_AFP_OID_COUNT,totalAssessedLand,totalAssessedBuilding,CENTROID_LATITUDE,CENTROID_LONGITUDE,LATITUDE,LONGITUDE,USE_GOOGLE_IMAGE
2,6,330,Powell River,330004,WESTVIEW - CORE,A0000KR9MT,1206000,1206-000,A00000ZUKT,.183 Acres,,,3881,JOYCE,AVE,,,110,POWELL RIVER,V8A 2Y9, ,3881 JOYCE AVE POWELL RIVER V8A 2Y9,90,1 STY house -  standard,90,1 STY house -  standard,32,Residential Dwelling with Suite,1 STY house -  standard, ,1963,4,2,C, ,202800,0,1408,0,952,,,,,,2 N 1077,,47,,,,,3301206000,,,,,84800,118000,49.82086293,-124.5208594,49.8208721,-124.5206285,Y
3,6,330,Powell River,330004,WESTVIEW - CORE,A0000KR9MU,1207000,1207-000,A00000ZUKU,.191 Acres,,,3875,JOYCE,AVE,,,110,POWELL RIVER,V8A 2Y9, ,3875 JOYCE AVE POWELL RIVER V8A 2Y9,90,1 STY house -  standard,90,1 STY house -  standard,0,Single Family Dwelling,1 STY house -  standard, ,1962,4,2,C, ,186100,0,1050,0,860,,,,,,2 N 1077,,47,,,,,3301207000,,,,,86200,99900,49.82066937,-124.5208614,49.8206786,-124.5206216,Y
4,6,330,Powell River,330004,WESTVIEW - CORE,A0000KR9MV,1208000,1208-000,A00000ZUKV,.199 Acres,,,3867,JOYCE,AVE,,,110,POWELL RIVER,V8A 2Y9, ,3867 JOYCE AVE POWELL RIVER V8A 2Y9,90,1 STY house -  standard,90,1 STY house -  standard,0,Single Family Dwelling,1 STY house -  standard, ,1962,3,2,C, ,177800,0,951,0,620,,,,,,2 N 1077,,47,,,,,3301208000,,,,,87900,89900,49.82047292,-124.5208634,49.8204823,-124.5206147,Y
5,6,330,Powell River,330004,WESTVIEW - CORE,A0000KR9MW,1209000,1209-000,A00000ZUKW,.209 Acres,,,3861,JOYCE,AVE,,,110,POWELL RIVER,V8A 2Y9, ,3861 JOYCE AVE POWELL RIVER V8A 2Y9,90,1 STY house -  standard,90,1 STY house -  standard,32,Residential Dwelling with Suite,1 STY house -  standard, ,1966,4,2,C, ,218000,0,1372,0,1096,,,,,,2 N 1077,,47,,,,,3301209000,,,,,89000,129000,49.82029159,-124.5208652,49.8203011,-124.5206082,Y
6,6,330,Powell River,330004,WESTVIEW - CORE,A0000KR9MX,1210000,1210-000,A00000ZUKX,.217 Acres,,,3855,JOYCE,AVE,,,110,POWELL RIVER,V8A 2Y9, ,3855 JOYCE AVE POWELL RIVER V8A 2Y9,90,1 STY house -  standard,90,1 STY house -  standard,32,Residential Dwelling with Suite,1 STY house -  standard, ,1968,4,2,C, ,232900,0,1415,0,1260,,,,,,2 N 1077,,47,,,,,3301210000,,,,,89900,143000,49.82011093,-124.520867,49.8201206,-124.5206018,Y
7,6,330,Powell River,330004,WESTVIEW - CORE,A0000KR93Z,841000,0841-000,A00000ZU1W,.707 Acres,,,7145,THUNDER BAY,ST,,,110,POWELL RIVER,V8A 1E7, ,7145 THUNDER BAY ST POWELL RIVER V8A 1E7,90,1 STY house -  standard,90,1 STY house -  standard,0,Single Family Dwelling,1 STY house -  standard, ,1961,3,2, ,G,268000,0,1549,0,355,,,,,,1 N 1083,,47,,,,,3300841000,,,,,107000,161000,49.80413093,-124.5144594,49.8038044,-124.5148151,Y
8,6,330,Powell River,330004,WESTVIEW - CORE,A0000KR940,842000,0842-000,A00000ZU1X,.712 Acres,,,7153,THUNDER BAY,ST,,,110,POWELL RIVER,V8A 1E7, ,7153 THUNDER BAY ST POWELL RIVER V8A 1E7,90,1 STY house -  standard,90,1 STY house -  standard,0,Single Family Dwelling,1 STY house -  standard, ,1950,3,1, ,G,176600,0,1116,0,,,,,,,1 N 1083,,47,,,,,3300842000,,,,,101000,75600,49.80398144,-124.5141064,49.8036535,-124.5144635,Y
9,6,330,Powell River,330004,WESTVIEW - CORE,D00001E9LE,843002,0843-002,D000000S90,.306 Acres,,,7164,TOFINO,ST,,,110,POWELL RIVER,V8A 5A3, ,7164 TOFINO ST POWELL RIVER V8A 5A3,140,1 STY house -  standard,140,1 STY house -  standard,0,Single Family Dwelling,1 STY house -  standard, ,1965,5,2,C, ,261000,0,1383,0,1228,,,,,,1 N 1083,,47,,,,,3300843002,,,,,107000,154000,49.80406074,-124.5136519,,,Y
10,6,330,Powell River,330004,WESTVIEW - CORE,D00001E9LP,843004,0843-004,D000000S91,.381 Acres,,,7163,THUNDER BAY,ST,,,110,POWELL RIVER,V8A 1E7, ,7163 THUNDER BAY ST POWELL RIVER V8A 1E7,80,1 STY house -  basic,80,1 STY house -  basic,0,Single Family Dwelling,1 STY house -  basic, ,1950,3,1, ,G,162500,0,1098,0,,,,,,,1 N 1083,,47,,,,,3300843004,,,,,84900,77600,49.80364669,-124.5138379,49.8034712,-124.5140389,Y
11,6,330,Powell River,330004,WESTVIEW - CORE,A0000KR942,844000,0844-000,A00000ZU1Z,.735 Acres,,,7173,THUNDER BAY,ST,,,110,POWELL RIVER,V8A 1E7, ,7173 THUNDER BAY ST POWELL RIVER V8A 1E7,,,,,201,Vacant IC&I,Vacant IC&I, ,,,, , ,44400,0,,,,,,,,,3 J 4000,,47,,,,,3300844000,,,,,44400,,49.80339689,-124.5133215,49.803241,-124.5135025,Y
12,6,330,Powell River,330004,WESTVIEW - CORE,A0000KR943,845000,0845-000,A00000ZU20,.367 Acres,,,7170,TOFINO,ST,,,110,POWELL RIVER,V8A 5A3, ,7170 TOFINO ST POWELL RIVER V8A 5A3,140,1 STY house -  standard,140,1 STY house -  standard,0,Single Family Dwelling,1 STY house -  standard, ,1973,3,2, , ,248000,0,984,0,900,,,,,,1 N 1083,,47,,,,,3300845000,,,,,115000,133000,49.80389265,-124.5133079,49.8040252,-124.513197,Y
13,6,330,Powell River,330004,WESTVIEW - CORE,A0000KR944,845010,0845-010,A00000ZU21,.367 Acres,,,7184,TOFINO,ST,,,110,POWELL RIVER,V8A 5A3, ,7184 TOFINO ST POWELL RIVER V8A 5A3,140,1 STY house -  standard,140,1 STY house -  standard,0,Single Family Dwelling,1 STY house -  standard, ,1978,2,1, ,G,238000,0,1256,0,,,,,,,1 N 1083,,47,,,,,3300845010,,,,,115000,123000,49.80374322,-124.512956,49.8038774,-124.5128435,Y
14,6,330,Powell River,330004,WESTVIEW - CORE,A0000KR946,846002,0846-002,A00000ZU23,.326 Acres,,,7188,TOFINO,ST,,,110,POWELL RIVER,V8A 5A3, ,7188 TOFINO ST POWELL RIVER V8A 5A3,145,1 STY house - standard,145,1 STY house - standard,0,Single Family Dwelling,1 STY house - standard, ,2005,4,3,C, ,332000,0,1379,0,895,,,,,,1 N 1083,,47,,,,,3300846002,,,,,104000,228000,49.80361495,-124.5125951,49.8037331,-124.5124985,Y
15,6,330,Powell River,330004,WESTVIEW - CORE,A0000KR947,846004,0846-004,A00000ZU24,.383 Acres,,,7179,THUNDER BAY,ST,,,110,POWELL RIVER,V8A 1E7, ,7179 THUNDER BAY ST POWELL RIVER V8A 1E7,140,1 STY house -  standard,140,1 STY house -  standard,0,Single Family Dwelling,1 STY house -  standard, ,1966,4,1,C, ,218100,0,1497,0,1300,,,,,,1 N 1083,,47,,,,,3300846004,,,,,85100,133000,49.80318632,-124.5127876,49.8030175,-124.5129819,Y
16,6,330,Powell River,330004,WESTVIEW - CORE,D00005EDQY,847002,0847-002,D000004BMU,.383 Acres,,,7193,THUNDER BAY,ST,,,110,POWELL RIVER,V8A 1E7, ,7193 THUNDER BAY ST POWELL RIVER V8A 1E7,140,1 STY house -  standard,140,1 STY house -  standard,0,Single Family Dwelling,1 STY house -  standard, ,1960,5,3, ,G,269100,0,1486,0,900,,,,,,1 N 1083,,47,,,,,3300847002,,,,,85100,184000,49.80303195,-124.512438,49.8028661,-124.5126292,Y
17,6,330,Powell River,330004,WESTVIEW - CORE,D00005EDR0,847004,0847-004,D000004BMV,.334 Acres,,,7192,TOFINO,ST,,,110,POWELL RIVER,V8A 5A3, ,7192 TOFINO ST POWELL RIVER V8A 5A3,145,1 STY house - standard,145,1 STY house - standard,0,Single Family Dwelling,1 STY house - standard, ,2009,3,3, ,G,422000,0,1572,0,,,,,,,1 N 1083,,47,,,,,3300847004,,,,,110000,312000,49.80346543,-124.5122432,49.8035853,-124.512145,Y
18,6,330,Powell River,330004,WESTVIEW - CORE,A0000KR949,848000,0848-000,A00000ZU26,.76 Acres,,,7199,THUNDER BAY,ST,,,110,POWELL RIVER,V8A 1E7, ,7199 THUNDER BAY ST POWELL RIVER V8A 1E7,140,1 STY house -  standard,140,1 STY house -  standard,0,Single Family Dwelling,1 STY house -  standard, ,1965,3,2,C,G,264000,0,1305,0,1085,,,,,,1 N 1083,,47,,,,,3300848000,,,,,110000,154000,49.80308459,-124.5119945,49.8027499,-124.5123585,Y
19,6,330,Powell River,330004,WESTVIEW - CORE,A0000KR94A,849000,0849-000,A00000ZU27,.769 Acres,,,7211,THUNDER BAY,ST,,,110,POWELL RIVER,V8A 1E8, ,7211 THUNDER BAY ST POWELL RIVER V8A 1E8,92,2 STY house -  standard,92,2 STY house -  standard,0,Single Family Dwelling,2 STY house -  standard, ,1950,4,1,C, ,185700,0,1228,360,,,,,,,1 N 1083,,47,,,,,3300849000,,,,,111000,74700,49.80293536,-124.5116416,49.8026031,-124.512019,Y
20,6,330,Powell River,330004,WESTVIEW - CORE,A0000KR94B,850000,0850-000,A00000ZU28,.776 Acres,,,7219,THUNDER BAY,ST,,,110,POWELL RIVER,V8A 1E8, ,7219 THUNDER BAY ST POWELL RIVER V8A 1E8,152,2 STY house -  Semicustom,152,2 STY house -  Semicustom,0,Single Family Dwelling,2 STY house -  Semicustom, ,1989,4,3,C,G,514000,0,1572,995,,,,,,,1 N 1083,,47,,,,,3300850000,,,,,104000,410000,49.80278591,-124.5112895,49.8024478,-124.5116731,Y
21,6,330,Powell River,330004,WESTVIEW - CORE,A0000KR94C,851000,0851-000,A00000ZU29,.785 Acres,,,7225,THUNDER BAY,ST,,,110,POWELL RIVER,V8A 1E8, ,7225 THUNDER BAY ST POWELL RIVER V8A 1E8,90,1 STY house -  standard,90,1 STY house -  standard,0,Single Family Dwelling,1 STY house -  standard, ,1959,3,1, ,G,214000,0,1221,0,,,,,,,1 N 1083,,47,,,,,3300851000,,,,,105000,109000,49.80264376,-124.5109284,49.8022753,-124.5112539,Y
22,6,330,Powell River,330004,WESTVIEW - CORE,A0000KR94D,852000,0852-000,A00000ZU2A,1.107 Acres,,,7241,THUNDER BAY,ST,,,110,POWELL RIVER,V8A 1E8, ,7241 THUNDER BAY ST POWELL RIVER V8A 1E8,90,1 STY house -  standard,90,1 STY house -  standard,0,Single Family Dwelling,1 STY house -  standard, ,1960,3,2, ,G,192800,0,1173,0,407,,,,,,1 N 1083,,47,,,,,3300852000,,,,,111000,81800,49.80244108,-124.5104603,49.8021037,-124.51076,Y
23,6,330,Powell River,330004,WESTVIEW - CORE,A0000KR94G,855000,0855-000,A00000ZU2D,.182 Acres,,,3386,JOYCE,AVE,,,110,POWELL RIVER,V8A 2Y1, ,3386 JOYCE AVE POWELL RIVER V8A 2Y1,141,1 1/2 STY house -  standard,141,1 1/2 STY house -  standard,0,Single Family Dwelling,1 1/2 STY house -  standard, ,1958,5,2,C, ,176100,0,975,817,,,,,,,1 N 1083,,47,,,,,3300855000,,,,,76100,100000,49.80731317,-124.520159,49.8073209,-124.5203616,Y
24,6,330,Powell River,330004,WESTVIEW - CORE,A0000KR94H,856000,0856-000,A00000ZU2E,.182 Acres,,,3378,JOYCE,AVE,,,110,POWELL RIVER,V8A 2Y1, ,3378 JOYCE AVE POWELL RIVER V8A 2Y1,140,1 STY house -  standard,140,1 STY house -  standard,0,Single Family Dwelling,1 STY house -  standard, ,1957,2,2,C, ,156500,0,1250,0,,,,,,,1 N 1083,,47,,,,,3300856000,,,,,76100,80400,49.80713231,-124.5201626,49.8071401,-124.5203669,Y
25,6,330,Powell River,330004,WESTVIEW - CORE,A0000KR94J,857000,0857-000,A00000ZU2F,.207 Acres,,,3370,JOYCE,AVE,,,110,POWELL RIVER,V8A 2Y1, ,3370 JOYCE AVE POWELL RIVER V8A 2Y1,90,1 STY house -  standard,90,1 STY house -  standard,0,Single Family Dwelling,1 STY house -  standard, ,1958,3,1,C, ,152700,0,1100,0,,,,,,,1 N 1083,,47,,,,,3300857000,,,,,79800,72900,49.80693479,-124.5201853,49.8069423,-124.5203726,Y
26,6,330,Powell River,330004,WESTVIEW - CORE,A0000KR94K,858000,0858-000,A00000ZU2G,.184 Acres,,,7015,TOFINO,ST,,,110,POWELL RIVER,V8A 1G1, ,7015 TOFINO ST POWELL RIVER V8A 1G1,90,1 STY house -  standard,90,1 STY house -  standard,0,Single Family Dwelling,1 STY house -  standard, ,1958,3,1,C, ,147300,0,1087,0,,,,,,,1 N 1083,,47,,,,,3300858000,,,,,76400,70900,49.80669703,-124.5202435,49.8064458,-124.5197659,Y
27,6,330,Powell River,330004,WESTVIEW - CORE,A0000KR94L,859000,0859-000,A00000ZU2H,.181 Acres,,,7021,TOFINO,ST,,,110,POWELL RIVER,V8A 1G1, ,7021 TOFINO ST POWELL RIVER V8A 1G1,90,1 STY house -  standard,90,1 STY house -  standard,0,Single Family Dwelling,1 STY house -  standard, ,1958,3,1,C, ,168900,0,1114,0,500,,,,,,1 N 1083,,47,,,,,3300859000,,,,,79900,89000,49.80660499,-124.5199265,49.8064458,-124.5197659,Y
28,6,330,Powell River,330004,WESTVIEW - CORE,A0000KR94M,860000,0860-000,A00000ZU2J,.177 Acres,,,7023,TAHSIS,ST,,,110,POWELL RIVER,V8A 1G4, ,7023 TAHSIS ST POWELL RIVER V8A 1G4,90,1 STY house -  standard,90,1 STY house -  standard,0,Single Family Dwelling,1 STY house -  standard, ,1958,2,1,C,G,162400,0,1050,0,,,,,,,1 N 1083,,47,,,,,3300860000,,,,,79400,83000,49.80682351,-124.5197997,49.8067931,-124.5197024,Y
29,6,330,Powell River,330004,WESTVIEW - CORE,A0000KR94N,861000,0861-000,A00000ZU2K,.181 Acres,,,7029,TAHSIS,ST,,,110,POWELL RIVER,V8A 1G4, ,7029 TAHSIS ST POWELL RIVER V8A 1G4,140,1 STY house -  standard,140,1 STY house -  standard,0,Single Family Dwelling,1 STY house -  standard, ,1963,3,2, , ,209900,0,1698,0,,,,,,,1 N 1083,,47,,,,,3300861000,,,,,79900,130000,49.80703203,-124.5197091,49.8069845,-124.5195577,Y
30,6,330,Powell River,330004,WESTVIEW - CORE,A0000KR94P,862000,0862-000,A00000ZU2L,.23 Acres,,,7031,TAHSIS,ST,,,110,POWELL RIVER,V8A 1G4, ,7031 TAHSIS ST POWELL RIVER V8A 1G4,140,1 STY house -  standard,140,1 STY house -  standard,0,Single Family Dwelling,1 STY house -  standard, ,1967,6,2, , ,224400,0,1892,0,1144,,,,,,1 N 1083,,47,,,,,3300862000,,,,,87400,137000,49.80726284,-124.5196116,49.8071748,-124.5192135,Y
31,6,330,Powell River,330004,WESTVIEW - CORE,A0000KR94Q,863000,0863-000,A00000ZU2M,.242 Acres,,,7037,TAHSIS,ST,,,110,POWELL RIVER,V8A 1G4, ,7037 TAHSIS ST POWELL RIVER V8A 1G4,140,1 STY house -  standard,140,1 STY house -  standard,0,Single Family Dwelling,1 STY house -  standard, ,1969,4,1,C, ,213200,0,1008,0,843,,,,,,1 N 1083,,47,,,,,3300863000,,,,,89200,124000,49.80727445,-124.519104,49.8071702,-124.5191981,Y
32,6,330,Powell River,330004,WESTVIEW - CORE,A0000KR94R,864000,0864-000,A00000ZU2N,.182 Acres,,,7041,TAHSIS,ST,,,110,POWELL RIVER,V8A 1G4, ,7041 TAHSIS ST POWELL RIVER V8A 1G4,140,1 STY house -  standard,140,1 STY house -  standard,0,Single Family Dwelling,1 STY house -  standard, ,1969,5,3, , ,226100,0,1056,0,880,,,,,,1 N 1083,,47,,,,,3300864000,,,,,80100,146000,49.8071713,-124.5187783,49.8070717,-124.5188691,Y
33,6,330,Powell River,330004,WESTVIEW - CORE,A0000KR94S,865000,0865-000,A00000ZU2P,.182 Acres,,,7051,TAHSIS,ST,,,110,POWELL RIVER,V8A 1G4, ,7051 TAHSIS ST POWELL RIVER V8A 1G4,140,1 STY house -  standard,140,1 STY house -  standard,0,Single Family Dwelling,1 STY house -  standard, ,1968,4,2,C,G,211100,0,1188,0,500,,,,,,1 N 1083,,47,,,,,3300865000,,,,,80100,131000,49.80709629,-124.518524,49.8069958,-124.5186155,Y
34,6,330,Powell River,330004,WESTVIEW - CORE,A0000KR94T,866000,0866-000,A00000ZU2Q,.182 Acres,,,7057,TAHSIS,ST,,,110,POWELL RIVER,V8A 1G4, ,7057 TAHSIS ST POWELL RIVER V8A 1G4,140,1 STY house -  standard,140,1 STY house -  standard,0,Single Family Dwelling,1 STY house -  standard, ,1969,3,2,C, ,188100,0,956,0,520,,,,,,1 N 1083,,47,,,,,3300866000,,,,,80100,108000,49.80702129,-124.5182698,49.8069199,-124.5183618,Y
35,6,330,Powell River,330004,WESTVIEW - CORE,A0000KR94U,867000,0867-000,A00000ZU2R,.182 Acres,,,7061,TAHSIS,ST,,,110,POWELL RIVER,V8A 1G4, ,7061 TAHSIS ST POWELL RIVER V8A 1G4,140,1 STY house -  standard,140,1 STY house -  standard,0,Single Family Dwelling,1 STY house -  standard, ,1969,4,2, , ,197100,0,1084,0,700,,,,,,1 N 1083,,47,,,,,3300867000,,,,,80100,117000,49.80694628,-124.5180156,49.806844,-124.5181082,Y
36,6,330,Powell River,330004,WESTVIEW - CORE,A0000KR94V,868000,0868-000,A00000ZU2S,.182 Acres,,,7069,TAHSIS,ST,,,110,POWELL RIVER,V8A 1G4, ,7069 TAHSIS ST POWELL RIVER V8A 1G4,140,1 STY house -  standard,140,1 STY house -  standard,0,Single Family Dwelling,1 STY house -  standard, ,1970,4,2,C,G,212100,0,998,0,979,,,,,,1 N 1083,,47,,,,,3300868000,,,,,80100,132000,49.80687127,-124.5177613,49.8067682,-124.5178546,Y
37,6,330,Powell River,330004,WESTVIEW - CORE,A0000KR94W,869000,0869-000,A00000ZU2T,.182 Acres,,,7075,TAHSIS,ST,,,110,POWELL RIVER,V8A 1G4, ,7075 TAHSIS ST POWELL RIVER V8A 1G4,140,1 STY house -  standard,140,1 STY house -  standard,0,Single Family Dwelling,1 STY house -  standard, ,1969,4,2,C, ,197100,0,1050,0,1000,,,,,,1 N 1083,,47,,,,,3300869000,,,,,80100,117000,49.80678489,-124.5174686,49.8066808,-124.5175626,Y
38,6,330,Powell River,330004,WESTVIEW - CORE,A0000KR94X,870000,0870-000,A00000ZU2U,.182 Acres,,,7081,TAHSIS,ST,,,110,POWELL RIVER,V8A 1G4, ,7081 TAHSIS ST POWELL RIVER V8A 1G4,140,1 STY house -  standard,140,1 STY house -  standard,0,Single Family Dwelling,1 STY house -  standard, ,1962,3,2,C, ,187100,0,1180,0,821,,,,,,1 N 1083,,47,,,,,3300870000,,,,,80100,107000,49.80670988,-124.5172143,49.8066049,-124.517309,Y
39,6,330,Powell River,330004,WESTVIEW - CORE,A0000KR94Y,871000,0871-000,A00000ZU2V,.182 Acres,,,7085,TAHSIS,ST,,,110,POWELL RIVER,V8A 1G4, ,7085 TAHSIS ST POWELL RIVER V8A 1G4,140,1 STY house -  standard,140,1 STY house -  standard,0,Single Family Dwelling,1 STY house -  standard, ,1969,4,3,C, ,214100,0,1236,0,976,,,,,,1 N 1083,,47,,,,,3300871000,,,,,80100,134000,49.80663488,-124.51696,49.806529,-124.5170553,Y
40,6,330,Powell River,330004,WESTVIEW - CORE,A0000KR94Z,872000,0872-000,A00000ZU2W,.178 Acres,,,7095,TAHSIS,ST,,,110,POWELL RIVER,V8A 1G4, ,7095 TAHSIS ST POWELL RIVER V8A 1G4,140,1 STY house -  standard,140,1 STY house -  standard,0,Single Family Dwelling,1 STY house -  standard, ,1969,4,2,C, ,182500,0,931,0,700,,,,,,1 N 1083,,47,,,,,3300872000,,,,,79500,103000,49.80655256,-124.5167037,49.8064513,-124.5167957,Y
41,6,330,Powell River,330004,WESTVIEW - CORE,A0000KR9NV,1212031,1212-031,A00000ZULV,,,3,3870,JOYCE,AVE,,,110,POWELL RIVER,V8A 2Z1, ,3-3870 JOYCE AVE POWELL RIVER V8A 2Z1,D701,Strata Townhouse,,,39,Row Housing (Single Unit Ownership),Strata Townhouse, ,1981,3,3, , ,117000,1229,,,,,,,,,  ,,47,2,,,,3301212031,,,,,63000,54000,49.82042377,-124.5197896,49.8204228,-124.5202373,Y
42,6,330,Powell River,330004,WESTVIEW - CORE,A0000KR9NW,1213001,1213-001,A00000ZULW,.199 Acres,,,3857,SELKIRK,AVE,,,110,POWELL RIVER,V8A 3C4, ,3857 SELKIRK AVE POWELL RIVER V8A 3C4,140,1 STY house -  standard,140,1 STY house -  standard,0,Single Family Dwelling,1 STY house -  standard, ,1980,3,1,C, ,178200,0,1035,0,,,,,,,2 N 1073,,47,,,,,3301213001,,,,,79200,99000,49.82010158,-124.5189952,49.8200583,-124.5188187,Y
43,6,330,Powell River,330004,WESTVIEW - CORE,A0000KR9NX,1213002,1213-002,A00000ZULX,.199 Acres,,,3865,SELKIRK,AVE,,,110,POWELL RIVER,V8A 3C4, ,3865 SELKIRK AVE POWELL RIVER V8A 3C4,140,1 STY house -  standard,140,1 STY house -  standard,0,Single Family Dwelling,1 STY house -  standard, ,1981,3,1, ,G,184400,0,1140,0,,,,,,,2 N 1073,,47,,,,,3301213002,,,,,73400,111000,49.82030042,-124.5190533,49.8203883,-124.5188431,Y
44,6,330,Powell River,330004,WESTVIEW - CORE,A0000KR9NY,1213003,1213-003,A00000ZULY,.224 Acres,,,3873,SELKIRK,AVE,,,110,POWELL RIVER,V8A 3C4, ,3873 SELKIRK AVE POWELL RIVER V8A 3C4,140,1 STY house -  standard,140,1 STY house -  standard,0,Single Family Dwelling,1 STY house -  standard, ,1981,3,1,C, ,208200,0,1176,0,,,,,,,2 N 1073,,47,,,,,3301213003,,,,,79200,129000,49.82058813,-124.519106,49.8204258,-124.5188757,Y
45,6,330,Powell River,330004,WESTVIEW - CORE,A0000KR9NZ,1213004,1213-004,A00000ZULZ,.217 Acres,,,7039,NUTANA,CRES,,,110,POWELL RIVER,V8A 5J5, ,7039 NUTANA CRES POWELL RIVER V8A 5J5,140,1 STY house -  standard,140,1 STY house -  standard,0,Single Family Dwelling,1 STY house -  standard, ,1978,3,2, ,G,191200,0,1041,0,,,,,,,2 N 1073,,47,,,,,3301213004,,,,,79200,112000,49.82069177,-124.5188656,49.8203649,-124.5185102,Y
46,6,330,Powell River,330004,WESTVIEW - CORE,A0000KR9P0,1213005,1213-005,A00000ZUM0,.198 Acres,,,7045,NUTANA,CRES,,,110,POWELL RIVER,V8A 5J5, ,7045 NUTANA CRES POWELL RIVER V8A 5J5,140,1 STY house -  standard,140,1 STY house -  standard,0,Single Family Dwelling,1 STY house -  standard, ,1992,3,2, , ,260300,0,1932,0,,,,,,,2 N 1073,,47,,,,,3301213005,,,,,80300,180000,49.82064266,-124.5185291,49.8203649,-124.5185102,Y
47,6,330,Powell River,330004,WESTVIEW - CORE,A0000KR9P1,1213006,1213-006,A00000ZUM1,.279 Acres,,,7051,NUTANA,CRES,,,110,POWELL RIVER,V8A 5J5, ,7051 NUTANA CRES POWELL RIVER V8A 5J5,140,1 STY house -  standard,140,1 STY house -  standard,0,Single Family Dwelling,1 STY house -  standard, ,1978,4,3, ,G,235900,0,1168,0,650,,,,,,2 N 1073,,47,,,,,3301213006,,,,,83900,152000,49.82058176,-124.5182749,49.820367,-124.5182859,Y
48,6,204,Courtenay,204070,EAST COURTENAY,A0000KR207,1501120,1501.12,A00000ZLSP,.276 Acres,,,1460,QUINSAM,PL,,,26,COURTENAY,V9N 7W4, ,1460 QUINSAM PL COURTENAY V9N 7W4,140,1 STY house -  standard,140,1 STY house -  standard,0,Single Family Dwelling,1 STY house -  standard, ,1985,3,3, ,G,334000,0,1288,0,641,,,,,,2 N 1020,,71,,,,,20401501120,,,,,174000,160000,49.69730685,-124.9705569,49.6975785,-124.9704843,Y
49,6,204,Courtenay,204070,EAST COURTENAY,A0000KR208,1501122,1501.122,A00000ZLSQ,.187 Acres,,,1450,QUINSAM,PL,,,26,COURTENAY,V9N 7W4, ,1450 QUINSAM PL COURTENAY V9N 7W4,145,1 STY house - standard,145,1 STY house - standard,0,Single Family Dwelling,1 STY house - standard, ,1991,4,3, ,G,330000,0,1279,0,686,,,,,,2 N 1020,,71,,,,,20401501122,,,,,174000,156000,49.6974581,-124.9708917,49.6976923,-124.9708303,Y
50,6,204,Courtenay,204070,EAST COURTENAY,A0000KR209,1501124,1501.124,A00000ZLSR,.247 Acres,,,1440,QUINSAM,PL,,,26,COURTENAY,V9N 7W4, ,1440 QUINSAM PL COURTENAY V9N 7W4,147,2 STY house - standard,147,2 STY house - standard,0,Single Family Dwelling,2 STY house - standard, ,1992,4,2,C,G,379000,0,869,822,,,,,,,2 N 1020,,71,,,,,20401501124,,,,,174000,205000,49.69766885,-124.9710754,49.6976923,-124.9708303,Y
51,6,204,Courtenay,204070,EAST COURTENAY,A0000KR20A,1501126,1501.126,A00000ZLSS,.17 Acres,,,1430,QUINSAM,PL,,,26,COURTENAY,V9N 7W4, ,1430 QUINSAM PL COURTENAY V9N 7W4,140,1 STY house -  standard,140,1 STY house -  standard,0,Single Family Dwelling,1 STY house -  standard, ,1983,4,2, , ,300000,0,1128,788,,,,,,,2 N 1020,,71,,,,,20401501126,,,,,174000,126000,49.69784078,-124.9708892,49.6977918,-124.9707526,Y
52,6,204,Courtenay,204070,EAST COURTENAY,A0000KR20B,1501128,1501.128,A00000ZLST,.162 Acres,,,1420,QUINSAM,PL,,,26,COURTENAY,V9N 7W4, ,1420 QUINSAM PL COURTENAY V9N 7W4,142,2 STY house -  standard,142,2 STY house -  standard,0,Single Family Dwelling,2 STY house -  standard, ,1983,3,3,C, ,310000,0,913,754,,,,,,,2 N 1020,,71,,,,,20401501128,,,,,165000,145000,49.69800527,-124.9705837,49.6980052,-124.970586,Y
53,6,330,Powell River,330004,WESTVIEW - CORE,A0000KR9P4,1213009,1213-009,A00000ZUM4,.188 Acres,,,3877,QUADRA,AVE,,,110,POWELL RIVER,V8A 5K5, ,3877 QUADRA AVE POWELL RIVER V8A 5K5,142,2 STY house -  standard,142,2 STY house -  standard,0,Single Family Dwelling,2 STY house -  standard, ,1993,3,3, ,G,265800,0,957,677,,,,,,,2 N 1073,,47,,,,,3301213009,,,,,87800,178000,49.82065827,-124.5176257,49.8206546,-124.5174602,Y
54,6,330,Powell River,330004,WESTVIEW - CORE,A0000KR9P5,1213010,1213-010,A00000ZUM5,.199 Acres,,,3885,QUADRA,AVE,,,110,POWELL RIVER,V8A 5K5, ,3885 QUADRA AVE POWELL RIVER V8A 5K5,140,1 STY house -  standard,140,1 STY house -  standard,32,Residential Dwelling with Suite,1 STY house -  standard, ,1983,5,3,C,G,320800,0,1510,0,1350,,,,,,2 N 1073,,47,,,,,3301213010,,,,,89800,231000,49.82086457,-124.5176185,49.82086,-124.5174356,Y
55,6,330,Powell River,330004,WESTVIEW - CORE,A0000KR9P6,1213011,1213-011,A00000ZUM6,.186 Acres,,,3893,QUADRA,AVE,,,110,POWELL RIVER,V8A 5K5, ,3893 QUADRA AVE POWELL RIVER V8A 5K5,140,1 STY house -  standard,140,1 STY house -  standard,0,Single Family Dwelling,1 STY house -  standard, ,1980,5,3, , ,213000,0,1199,0,622,,,,,,2 N 1073,,47,,,,,3301213011,,,,,80000,133000,49.82106103,-124.51762,49.8210553,-124.5174121,Y
56,6,330,Powell River,330004,WESTVIEW - CORE,A0000KR9P7,1213012,1213-012,A00000ZUM7,.182 Acres,,,7058,NOOTKA,ST,,,110,POWELL RIVER,V8A 5E5, ,7058 NOOTKA ST POWELL RIVER V8A 5E5,140,1 STY house -  standard,140,1 STY house -  standard,0,Single Family Dwelling,1 STY house -  standard, ,1975,3,2,C, ,229700,0,1024,0,910,,,,,,2 N 1073,,47,,,,,3301213012,,,,,79700,150000,49.82099661,-124.5180004,49.8211491,-124.5180167,Y
57,6,330,Powell River,330004,WESTVIEW - CORE,A0000KR9P8,1213013,1213-013,A00000ZUM8,.182 Acres,,,7050,NOOTKA,ST,,,110,POWELL RIVER,V8A 5E5, ,7050 NOOTKA ST POWELL RIVER V8A 5E5,140,1 STY house -  standard,140,1 STY house -  standard,0,Single Family Dwelling,1 STY house -  standard, ,1991,4,2, , ,266700,0,2359,0,,,,,,,2 N 1073,,47,,,,,3301213013,,,,,79700,187000,49.82099696,-124.5182729,49.8211487,-124.5182891,Y
58,6,330,Powell River,330004,WESTVIEW - CORE,A0000KR9P9,1213014,1213-014,A00000ZUM9,.182 Acres,,,7046,NOOTKA,ST,,,110,POWELL RIVER,V8A 5E5, ,7046 NOOTKA ST POWELL RIVER V8A 5E5,140,1 STY house -  standard,140,1 STY house -  standard,0,Single Family Dwelling,1 STY house -  standard, ,1979,4,3,C, ,274700,0,1374,0,1072,,,,,,2 N 1073,,47,,,,,3301213014,,,,,79700,195000,49.82099795,-124.5185629,49.8211484,-124.5185792,Y
59,6,330,Powell River,330004,WESTVIEW - CORE,A0000KR9PA,1213015,1213-015,A00000ZUMA,.182 Acres,,,7038,NOOTKA,ST,,,110,POWELL RIVER,V8A 5E5, ,7038 NOOTKA ST POWELL RIVER V8A 5E5,140,1 STY house -  standard,140,1 STY house -  standard,0,Single Family Dwelling,1 STY house -  standard, ,1978,4,3,C, ,247700,0,1258,0,1100,,,,,,2 N 1073,,47,,,,,3301213015,,,,,79700,168000,49.8209979,-124.5188435,49.821148,-124.5188598,Y
60,6,330,Powell River,330004,WESTVIEW - CORE,A0000KR9PB,1213016,1213-016,A00000ZUMB,.191 Acres,,,7032,NOOTKA,ST,,,110,POWELL RIVER,V8A 5E5, ,7032 NOOTKA ST POWELL RIVER V8A 5E5,140,1 STY house -  standard,140,1 STY house -  standard,0,Single Family Dwelling,1 STY house -  standard, ,1981,3,3,C,G,282900,0,1230,0,1130,,,,,,2 N 1073,,47,,,,,3301213016,,,,,85900,197000,49.82099846,-124.5191239,49.8211476,-124.5191399,Y
61,6,330,Powell River,330004,WESTVIEW - CORE,A0000KR9PC,1213017,1213-017,A00000ZUMC,.187 Acres,,,3858,SELKIRK,AVE,,,110,POWELL RIVER,V8A 3C3, ,3858 SELKIRK AVE POWELL RIVER V8A 3C3,140,1 STY house -  standard,140,1 STY house -  standard,32,Residential Dwelling with Suite,1 STY house -  standard, ,1979,4,3,C, ,245300,0,1284,0,1160,,,,,,2 N 1073,,47,,,,,3301213017,,,,,83300,162000,49.82007662,-124.5182432,49.820115,-124.518389,Y
62,6,330,Powell River,330004,WESTVIEW - CORE,A0000KR9PD,1213018,1213-018,A00000ZUMD,.192 Acres,,,3859,QUADRA,AVE,,,110,POWELL RIVER,V8A 5B8, ,3859 QUADRA AVE POWELL RIVER V8A 5B8,140,1 STY house -  standard,140,1 STY house -  standard,0,Single Family Dwelling,1 STY house -  standard, ,1981,5,3,C, ,257700,0,1398,0,850,,,,,,2 N 1073,,47,,,,,3301213018,,,,,81700,176000,49.82007903,-124.51771,49.8200745,-124.5175303,Y
63,6,330,Powell River,330004,WESTVIEW - CORE,A0000KR9PE,1213019,1213-019,A00000ZUME,.183 Acres,,,3858,QUADRA,AVE,,,110,POWELL RIVER,V8A 5B7, ,3858 QUADRA AVE POWELL RIVER V8A 5B7,140,1 STY house -  standard,140,1 STY house -  standard,0,Single Family Dwelling,1 STY house -  standard, ,1979,5,2, ,G,251000,0,1094,0,699,,,,,,2 N 1073,,47,,,,,3301213019,,,,,85000,166000,49.82008154,-124.5169812,49.8200953,-124.5171584,Y
64,6,330,Powell River,330004,WESTVIEW - CORE,A0000KR9PF,1213020,1213-020,A00000ZUMF,.19 Acres,,,3870,QUADRA,AVE,,,110,POWELL RIVER,V8A 5E7, ,3870 QUADRA AVE POWELL RIVER V8A 5E7,140,1 STY house -  standard,140,1 STY house -  standard,0,Single Family Dwelling,1 STY house -  standard, ,1975,5,2,C, ,270200,0,1466,0,1050,,,,,,2 N 1077,,47,,,,,3301213020,,,,,89200,181000,49.82040476,-124.5169487,49.820418,-124.5171193,Y
65,6,330,Powell River,330004,WESTVIEW - CORE,A0000KR9PG,1213021,1213-021,A00000ZUMG,.185 Acres,,,3876,QUADRA,AVE,,,110,POWELL RIVER,V8A 5E7, ,3876 QUADRA AVE POWELL RIVER V8A 5E7,140,1 STY house -  standard,140,1 STY house -  standard,0,Single Family Dwelling,1 STY house -  standard, ,1976,4,3,C, ,236300,0,1348,0,970,,,,,,2 N 1077,,47,,,,,3301213021,,,,,86300,150000,49.82060405,-124.5169318,49.8206169,-124.5170955,Y
66,6,330,Powell River,330004,WESTVIEW - CORE,A0000KR9PH,1213022,1213-022,A00000ZUMH,.185 Acres,,,3884,QUADRA,AVE,,,110,POWELL RIVER,V8A 5E7, ,3884 QUADRA AVE POWELL RIVER V8A 5E7,140,1 STY house -  standard,140,1 STY house -  standard,0,Single Family Dwelling,1 STY house -  standard, ,1976,2,1,C, ,203300,0,1068,0,400,,,,,,2 N 1077,,47,,,,,3301213022,,,,,86300,117000,49.82079952,-124.5169083,49.8208124,-124.517072,Y
67,6,330,Powell River,330004,WESTVIEW - CORE,A0000KR9PJ,1213023,1213-023,A00000ZUMJ,.185 Acres,,,3890,QUADRA,AVE,,,110,POWELL RIVER,V8A 5E7, ,3890 QUADRA AVE POWELL RIVER V8A 5E7,140,1 STY house -  standard,140,1 STY house -  standard,0,Single Family Dwelling,1 STY house -  standard, ,1976,4,2, , ,209300,0,1098,0,770,,,,,,2 N 1077,,47,,,,,3301213023,,,,,86300,123000,49.82099749,-124.5168881,49.8210102,-124.5170483,Y
68,6,330,Powell River,330004,WESTVIEW - CORE,A0000KR9PK,1213024,1213-024,A00000ZUMK,.187 Acres,,,3896,QUADRA,AVE,,,110,POWELL RIVER,V8A 5E7, ,3896 QUADRA AVE POWELL RIVER V8A 5E7,140,1 STY house -  standard,140,1 STY house -  standard,0,Single Family Dwelling,1 STY house -  standard, ,1977,4,2, , ,238700,0,1335,0,520,,,,,,2 N 1077,,47,,,,,3301213024,,,,,87700,151000,49.82117009,-124.5168799,49.8211822,-124.5170276,Y
69,6,330,Powell River,330004,WESTVIEW - CORE,A0000KR9PL,1213025,1213-025,A00000ZUML,.21 Acres,,,3893,NUTANA,CRES,,,110,POWELL RIVER,V8A 5C8, ,3893 NUTANA CRES POWELL RIVER V8A 5C8,142,2 STY house -  standard,142,2 STY house -  standard,0,Single Family Dwelling,2 STY house -  standard, ,1988,4,3, ,G,343000,0,1360,805,,,,,,,2 N 1077,,47,,,,,3301213025,,,,,122000,221000,49.82116984,-124.5163511,49.8211413,-124.5161178,Y
70,6,330,Powell River,330004,WESTVIEW - CORE,A0000KR9PM,1213026,1213-026,A00000ZUMM,.203 Acres,,,3889,NUTANA,CRES,,,110,POWELL RIVER,V8A 5C8, ,3889 NUTANA CRES POWELL RIVER V8A 5C8,140,1 STY house -  standard,140,1 STY house -  standard,0,Single Family Dwelling,1 STY house -  standard, ,1987,2,2,C, ,275000,0,1062,0,,,,,,,2 N 1077,,47,,,,,3301213026,,,,,124000,151000,49.82098741,-124.5163794,49.820963,-124.5161758,Y
71,6,330,Powell River,330004,WESTVIEW - CORE,A0000KR9PN,1213027,1213-027,A00000ZUMN,.198 Acres,,,3879,NUTANA,CRES,,,110,POWELL RIVER,V8A 5C8, ,3879 NUTANA CRES POWELL RIVER V8A 5C8,140,1 STY house -  standard,140,1 STY house -  standard,0,Single Family Dwelling,1 STY house -  standard, ,1977,3,3,C, ,269000,0,1185,0,1000,,,,,,2 N 1077,,47,,,,,3301213027,,,,,123000,146000,49.82077652,-124.5164106,49.820757,-124.5162429,Y
72,6,330,Powell River,330004,WESTVIEW - CORE,A0000KR9PP,1213028,1213-028,A00000ZUMP,.254 Acres,,,3873,NUTANA,CRES,,,110,POWELL RIVER,V8A 5C8, ,3873 NUTANA CRES POWELL RIVER V8A 5C8,140,1 STY house -  standard,140,1 STY house -  standard,0,Single Family Dwelling,1 STY house -  standard, ,1979,5,2,C, ,345000,0,1271,0,1150,,,,,,2 N 1077,,47,,,,,3301213028,,,,,128000,217000,49.82052006,-124.5164848,49.8204712,-124.5163782,Y
73,6,330,Powell River,330004,WESTVIEW - CORE,A0000KR9PQ,1213029,1213-029,A00000ZUMQ,.192 Acres,,,3860,NUTANA,CRES,,,110,POWELL RIVER,V8A 5N8, ,3860 NUTANA CRES POWELL RIVER V8A 5N8,145,1 STY house - standard,145,1 STY house - standard,0,Single Family Dwelling,1 STY house - standard, ,2008,3,2, ,G,333000,0,1448,0,,,,,,,2 N 1077,,47,,,,,3301213029,,,,,108000,225000,49.82009287,-124.5164727,49.8201558,-124.5164711,Y
74,6,330,Powell River,330004,WESTVIEW - CORE,A0000KR9PR,1213030,1213-030,A00000ZUMR,.202 Acres,,,3862,NUTANA,CRES,,,110,POWELL RIVER,V8A 5N8, ,3862 NUTANA CRES POWELL RIVER V8A 5N8,150,1 STY house -  Semicustom,150,1 STY house -  Semicustom,0,Single Family Dwelling,1 STY house -  Semicustom, ,1988,4,4, ,G,353000,0,1717,0,1050,,,,,,2 N 1077,,47,,,,,3301213030,,,,,129000,224000,49.82017994,-124.5161045,49.8202716,-124.5161433,Y
75,6,330,Powell River,330004,WESTVIEW - CORE,A0000KR9PS,1213031,1213-031,A00000ZUMS,.2 Acres,,,,NUTANA,CRES,,,110,POWELL RIVER,, ,NUTANA CRES POWELL RIVER,,,,,1,Vacant Residential Less Than 2 Acres,Vacant Residential Less Than 2 Acres, ,,,, , ,89000,0,,,,,,,,,2 N 1077,,47,,,,,3301213031,,,,,89000,,49.82036763,-124.5158757,,,Y
76,6,330,Powell River,330004,WESTVIEW - CORE,A0000KR9PT,1213032,1213-032,A00000ZUMT,.195 Acres,,,3874,NUTANA,CRES,,,110,POWELL RIVER,, ,3874 NUTANA CRES POWELL RIVER,8000,Non-Manualized Structures,145,1 STY house - standard,0,Single Family Dwelling,Non-Manualized Structures,Building Unfinished,2015,4,3, ,G,241000,0,1491,0,800,,,,,,2 N 1077,,47,,,,,3301213032,,,,,111000,130000,49.82057041,-124.5157668,,,Y
77,6,330,Powell River,330004,WESTVIEW - CORE,A0000KR9PU,1213033,1213-033,A00000ZUMU,.185 Acres,,,3882,NUTANA,CRES,,,110,POWELL RIVER,V8A 5C8, ,3882 NUTANA CRES POWELL RIVER V8A 5C8,145,1 STY house - standard,145,1 STY house - standard,0,Single Family Dwelling,1 STY house - standard, ,2003,3,3, ,G,366000,0,1692,0,760,,,,,,2 N 1077,,47,,,,,3301213033,,,,,125000,241000,49.82077048,-124.5157456,49.8207889,-124.5158562,Y
78,6,330,Powell River,330004,WESTVIEW - CORE,A0000KR9PV,1213034,1213-034,A00000ZUMV,.23 Acres,,,,NUTANA,CRES,,,110,POWELL RIVER,, ,NUTANA CRES POWELL RIVER,,,,,1,Vacant Residential Less Than 2 Acres,Vacant Residential Less Than 2 Acres, ,,,, , ,62900,0,,,,,,,,,2 N 1077,,47,,,,,3301213034,,,,,62900,,49.82102989,-124.5157061,,,Y
79,6,330,Powell River,330004,WESTVIEW - CORE,A0000KR9PW,1213035,1213-035,A00000ZUMW,.183 Acres,,,3893,ONTARIO,AVE,,,110,POWELL RIVER,V8A 5C7, ,3893 ONTARIO AVE POWELL RIVER V8A 5C7,140,1 STY house -  standard,140,1 STY house -  standard,0,Single Family Dwelling,1 STY house -  standard, ,1981,3,2, ,G,265000,0,1814,0,,,,,,,2 N 1073,,47,,,,,3301213035,,,,,100000,165000,49.82104985,-124.5153431,49.8210549,-124.5152565,Y
80,6,204,Courtenay,204070,EAST COURTENAY,A0000KR20V,1501174,1501.174,A00000ZLTB,.137 Acres,,,1577,HURFORD,AVE,,,26,COURTENAY,V9N 8K9, ,1577 HURFORD AVE COURTENAY V9N 8K9,145,1 STY house - standard,145,1 STY house - standard,0,Single Family Dwelling,1 STY house - standard, ,2003,3,3, ,G,343000,0,1138,0,400,,,,,,2 N 1020,,71,,,,,20401501174,,,,,174000,169000,49.69704337,-124.9703365,49.6976298,-124.9692421,Y
81,6,204,Courtenay,204070,EAST COURTENAY,A0000KR20W,1501176,1501.176,A00000ZLTC,.146 Acres,,,1575,HURFORD,AVE,,,26,COURTENAY,V9N 8K9, ,1575 HURFORD AVE COURTENAY V9N 8K9,145,1 STY house - standard,145,1 STY house - standard,0,Single Family Dwelling,1 STY house - standard, ,2003,3,3, ,G,392000,0,1258,0,1100,,,,,,2 N 1020,,71,,,,,20401501176,,,,,174000,218000,49.69712081,-124.9701242,49.6976182,-124.969227,Y
82,6,204,Courtenay,204070,EAST COURTENAY,A0000KR20X,1501178,1501.178,A00000ZLTD,.147 Acres,,,1573,HURFORD,AVE,,,26,COURTENAY,V9N 8K9, ,1573 HURFORD AVE COURTENAY V9N 8K9,146,1 1/2 STY house - standard,146,1 1/2 STY house - standard,0,Single Family Dwelling,1 1/2 STY house - standard, ,2003,2,2, ,G,394000,0,1094,803,,,,,,,2 N 1020,,71,,,,,20401501178,,,,,174000,220000,49.69721787,-124.9699359,49.6976081,-124.9692139,Y
83,6,204,Courtenay,204070,EAST COURTENAY,A0000KR20Y,1501180,1501.18,A00000ZLTE,.145 Acres,,,1571,HURFORD,AVE,,,26,COURTENAY,V9N 8K9, ,1571 HURFORD AVE COURTENAY V9N 8K9,145,1 STY house - standard,145,1 STY house - standard,0,Single Family Dwelling,1 STY house - standard, ,2002,2,3, ,G,345000,0,1194,0,630,,,,,,2 N 1020,,71,,,,,20401501180,,,,,174000,171000,49.69731518,-124.9697452,49.6975983,-124.9692011,Y
84,6,204,Courtenay,204070,EAST COURTENAY,A0000KR20Z,1501182,1501.182,A00000ZLTF,.142 Acres,,,1569,HURFORD,AVE,,,26,COURTENAY,V9N 8K9, ,1569 HURFORD AVE COURTENAY V9N 8K9,145,1 STY house - standard,145,1 STY house - standard,0,Single Family Dwelling,1 STY house - standard, ,2002,3,2, ,G,322000,0,1230,0,,,,,,,2 N 1020,,71,,,,,20401501182,,,,,174000,148000,49.69741069,-124.9695555,49.6976008,-124.9692044,Y
85,6,204,Courtenay,204070,EAST COURTENAY,A0000KR210,1501184,1501.184,A00000ZLTG,.138 Acres,,,1565,HURFORD,AVE,,,26,COURTENAY,V9N 8K9, ,1565 HURFORD AVE COURTENAY V9N 8K9,145,1 STY house - standard,145,1 STY house - standard,0,Single Family Dwelling,1 STY house - standard, ,2002,3,2, ,G,367000,0,1394,0,420,,,,,,2 N 1020,,71,,,,,20401501184,,,,,174000,193000,49.69750337,-124.9692281,49.6975837,-124.9691821,Y
86,6,204,Courtenay,204070,EAST COURTENAY,A0000KR211,1501200,1501.2,A00000ZLTH,.215 Acres,,,1437,THORPE,AVE,,,26,COURTENAY,V9N 7K7, ,1437 THORPE AVE COURTENAY V9N 7K7,145,1 STY house - standard,145,1 STY house - standard,0,Single Family Dwelling,1 STY house - standard, ,1988,3,2, ,G,340000,0,1607,0,,,,,,,2 N 1020,,71,,,,,20401501200,,,,,183000,157000,49.69975988,-124.9673617,49.6999054,-124.9672564,Y
87,6,204,Courtenay,204070,EAST COURTENAY,A0000KR212,1501202,1501.202,A00000ZLTJ,.215 Acres,,,1449,THORPE,AVE,,,26,COURTENAY,V9N 7K7, ,1449 THORPE AVE COURTENAY V9N 7K7,145,1 STY house - standard,145,1 STY house - standard,0,Single Family Dwelling,1 STY house - standard, ,1988,2,2, ,G,340000,0,1509,0,,,,,,,2 N 1020,,71,,,,,20401501202,,,,,183000,157000,49.69960638,-124.9671694,49.6997541,-124.967067,Y
88,6,204,Courtenay,204070,EAST COURTENAY,A0000KR213,1501204,1501.204,A00000ZLTK,.215 Acres,,,1461,THORPE,AVE,,,26,COURTENAY,V9N 7K7, ,1461 THORPE AVE COURTENAY V9N 7K7,140,1 STY house -  standard,140,1 STY house -  standard,0,Single Family Dwelling,1 STY house -  standard, ,1988,3,2, ,G,331000,0,1509,0,,,,,,,2 N 1020,,71,,,,,20401501204,,,,,183000,148000,49.69945287,-124.9669771,49.6995107,-124.9667625,Y
89,6,204,Courtenay,204070,EAST COURTENAY,A0000KR214,1501206,1501.206,A00000ZLTL,.215 Acres,,,1475,THORPE,AVE,,,26,COURTENAY,V9N 7K7, ,1475 THORPE AVE COURTENAY V9N 7K7,140,1 STY house -  standard,140,1 STY house -  standard,0,Single Family Dwelling,1 STY house -  standard, ,1989,3,3, ,G,379000,0,1995,0,,,,,,,2 N 1020,,71,,,,,20401501206,,,,,183000,196000,49.69929937,-124.9667847,49.6994384,-124.966673,Y
90,6,204,Courtenay,204070,EAST COURTENAY,A0000KR215,1501208,1501.208,A00000ZLTM,.215 Acres,,,1489,THORPE,AVE,,,26,COURTENAY,V9N 7K7, ,1489 THORPE AVE COURTENAY V9N 7K7,145,1 STY house - standard,145,1 STY house - standard,0,Single Family Dwelling,1 STY house - standard, ,1988,3,2, ,G,343000,0,1680,0,,,,,,,2 N 1020,,71,,,,,20401501208,,,,,183000,160000,49.69914587,-124.9665924,49.6992784,-124.9664749,Y
91,6,204,Courtenay,204070,EAST COURTENAY,A0000KR216,1501210,1501.21,A00000ZLTN,.215 Acres,,,1495,THORPE,AVE,,,26,COURTENAY,V9N 7K7, ,1495 THORPE AVE COURTENAY V9N 7K7,145,1 STY house - standard,145,1 STY house - standard,0,Single Family Dwelling,1 STY house - standard, ,1988,3,2, ,G,333000,0,1458,0,,,,,,,2 N 1020,,71,,,,,20401501210,,,,,183000,150000,49.69899218,-124.9664016,49.6991952,-124.9663218,Y
92,6,204,Courtenay,204070,EAST COURTENAY,A0000KR217,1501250,1501.25,A00000ZLTP,.198 Acres,,,1230,SITKA,AVE,,,26,COURTENAY,V9N 8H3, ,1230 SITKA AVE COURTENAY V9N 8H3,145,1 STY house - standard,145,1 STY house - standard,0,Single Family Dwelling,1 STY house - standard, ,1990,3,3, ,G,321000,0,1056,0,750,,,,,,2 N 1020,,71,,,,,20401501250,,,,,174000,147000,49.70027259,-124.9689943,49.7001569,-124.9691655,Y
93,6,204,Courtenay,204070,EAST COURTENAY,A0000KR218,1501252,1501.252,A00000ZLTQ,.216 Acres,,,1441,MALAHAT,DR,,,26,COURTENAY,V9N 8H3, ,1441 MALAHAT DR COURTENAY V9N 8H3,145,1 STY house - standard,145,1 STY house - standard,0,Single Family Dwelling,1 STY house - standard, ,1991,2,2, ,G,324000,0,1397,0,,,,,,,2 N 1020,,71,,,,,20401501252,,,,,174000,150000,49.70027549,-124.968736,49.7001092,-124.9687589,Y
94,6,204,Courtenay,204070,EAST COURTENAY,A0000KR219,1501254,1501.254,A00000ZLTR,.169 Acres,,,1429,MALAHAT,DR,,,26,COURTENAY,V9N 8H3, ,1429 MALAHAT DR COURTENAY V9N 8H3,145,1 STY house - standard,145,1 STY house - standard,0,Single Family Dwelling,1 STY house - standard, ,2002,3,3, ,G,347000,0,1274,0,576,,,,,,2 N 1020,,71,,,,,20401501254,,,,,165000,182000,49.70024437,-124.9684676,49.7001289,-124.968515,Y
95,6,204,Courtenay,204070,EAST COURTENAY,A0000KR21A,1501256,1501.256,A00000ZLTS,.169 Acres,,,1417,MALAHAT,DR,,,26,COURTENAY,V9N 8H3, ,1417 MALAHAT DR COURTENAY V9N 8H3,145,1 STY house - standard,145,1 STY house - standard,0,Single Family Dwelling,1 STY house - standard, ,1993,5,3, ,G,341000,0,1265,0,920,,,,,,2 N 1020,,71,,,,,20401501256,,,,,165000,176000,49.70029708,-124.9682098,49.7001862,-124.9682101,Y
96,6,204,Courtenay,204070,EAST COURTENAY,A0000KR21B,1501258,1501.258,A00000ZLTT,.175 Acres,,,1405,MALAHAT,DR,,,26,COURTENAY,V9N 8H3, ,1405 MALAHAT DR COURTENAY V9N 8H3,145,1 STY house - standard,145,1 STY house - standard,0,Single Family Dwelling,1 STY house - standard, ,1991,3,2,C,G,325000,0,1463,0,,,,,,,2 N 1020,,71,,,,,20401501258,,,,,165000,160000,49.70038758,-124.9679746,49.7002929,-124.9678879,Y
97,6,204,Courtenay,204070,EAST COURTENAY,A0000KR21C,1501260,1501.26,A00000ZLTU,.184 Acres,,,1404,MALAHAT,DR,,,26,COURTENAY,V9N 8H3, ,1404 MALAHAT DR COURTENAY V9N 8H3,147,2 STY house - standard,147,2 STY house - standard,0,Single Family Dwelling,2 STY house - standard, ,1990,4,2, , ,341000,0,1483,876,,,,,,,2 N 1020,,71,,,,,20401501260,,,,,165000,176000,49.70001178,-124.9675141,49.7000914,-124.967655,Y
98,6,204,Courtenay,204070,EAST COURTENAY,A0000KR21D,1501262,1501.262,A00000ZLTV,.174 Acres,,,1414,MALAHAT,DR,,,26,COURTENAY,V9N 8H3, ,1414 MALAHAT DR COURTENAY V9N 8H3,146,1 1/2 STY house - standard,146,1 1/2 STY house - standard,0,Single Family Dwelling,1 1/2 STY house - standard, ,2004,3,4, ,G,398000,0,1095,891,680,,,,,,2 N 1020,,71,,,,,20401501262,,,,,148000,250000,49.6999098,-124.96774,49.6999998,-124.9678615,Y
99,6,204,Courtenay,204070,EAST COURTENAY,A0000KR2LH,1540472,1540.472,A00000ZMD2,.279 Acres,,,978,MALAHAT,DR,,,26,COURTENAY,V9N 9E3, ,978 MALAHAT DR COURTENAY V9N 9E3,145,1 STY house - standard,145,1 STY house - standard,0,Single Family Dwelling,1 STY house - standard, ,2000,3,3, ,G,396000,0,1390,0,1036,,,,,,2 N 1020,,71,,,,,20401540472,,,,,174000,222000,49.70436003,-124.96178,49.7045034,-124.9619024,Y
100,6,204,Courtenay,204070,EAST COURTENAY,A0000KR2LJ,1540480,1540.48,A00000ZMD3,.198 Acres,,,870,WADDINGTON,CRES,,,26,COURTENAY,V9N 9H7, ,870 WADDINGTON CRES COURTENAY V9N 9H7,147,2 STY house - standard,147,2 STY house - standard,0,Single Family Dwelling,2 STY house - standard, ,2002,4,3, ,G,369000,0,1310,975,,,,,,,2 N 1020,,71,,,,,20401540480,,,,,165000,204000,49.70697124,-124.9618475,49.7068762,-124.962002,Y
